SYMBOL,ISIN
SBC,INE04AK01028
SANSERA,INE953O01021
WELCORP,INE191B01025
SHREEJISPG,INE1B6101010
RPTECH,INE0J1F01024
LAURUSLABS,INE947Q01028
WHEELS,INE715A01015
CPPLUS,INE819V01029
SKYGOLD,INE01IU01018
SHILPAMED,INE790G01031
AETHER,INE0BWX01014
ATHERENERG,INE0LEZ01016
HAPPYFORGE,INE330T01021
GCSL,INE199P01028
MCX,INE745G01043
KIRLOSENG,INE146L01010
SONACOMS,INE073K01018
ACUTAAS,INE00FF01025
STYLAMIND,INE239C01020
SYRMA,INE0DYJ01015
TMB,INE668A01016
RATNAVEER,INE05CZ01011
RRKABEL,INE777K01022
UNIPARTS,INE244O01017
ARFIN,INE784R01023
FEDERALBNK,INE171A01029
MBAPL,INE900L01028
KTKBANK,INE614B01018
SETL,INE0M4D01010
DIVISLAB,INE361B01024
SAILIFE,INE570L01029
SGMART,INE385F01024
NRBBEARING,INE349A01021
SENORES,INE0RB801010
PAISALO,INE420C01059
AKUMS,INE09XN01023
BHEL,INE257A01026
INDOBORAX,INE803D01021
APARINDS,INE372A01015
CYIENTDLM,INE055S01018
MARKSANS,INE750C01026
NAVINFLUOR,INE048G01026
SHRIPISTON,INE526E01018
AUROPHARMA,INE406A01037
GRANULES,INE101D01020
DYNAMATECH,INE221B01012
ANANDRATHI,INE463V01026
FILATEX,INE816B01035
PGIL,INE940H01022
TFCILTD,INE305A01023
GNA,INE934S01014
BHARATFORG,INE465A01025
BAJAJCON,INE933K01021
WELSPUNLIV,INE192B01031
RAYMOND,INE301A01014
CHENNPETRO,INE178A01016
ARVIND,INE034A01011
BELRISE,INE894V01022
INDIAGLYCO,INE560A01023
TORNTPHARM,INE685A01028
LUMAXTECH,INE872H01027
COMSYN,INE073V01015
RBLBANK,INE976G01028
HONASA,INE0J5401028
ADANIPOWER,INE814H01029
TITAN,INE280A01028
SHRIRAMFIN,INE721A01047
RAMRAT,INE207E01023
IDEA,INE669E01016
CRAFTSMAN,INE00LO01017
FINCABLES,INE235A01022
PARAS,INE045601023
GANDHAR,INE717W01049
DCBBANK,INE503A01015
SOUTHBANK,INE683A01023
AZAD,INE02IJ01035
AJANTPHARM,INE031B01049
ALIVUS,INE03Q201024
BBOX,INE676A01027
INOXINDIA,INE616N01034
IPCALAB,INE571A01038
RADICO,INE944F01028
CENTUM,INE320B01020
BLSE,INE0NLT01028
SJS,INE284S01014
SOTL,INE035D01020
MOTHERSON,INE775A01035
KRISHANA,INE506W01020
RISHABH,INE0N2P01017
AEGISLOG,INE208C01025
ENTERO,INE010601016
VEDL,INE205A01025
ADANIENSOL,INE931S01010
PRIVISCL,INE959A01019
VIJAYA,INE043W01024
EMCURE,INE168P01015
SSWL,INE802C01033
GLAND,INE068V01023
KARURVYSYA,INE036D01028
WSTCSTPAPR,INE976A01021
GESHIP,INE017A01032
IOLCP,INE485C01029
POWERINDIA,INE07Y701011
AUBANK,INE949L01017
VENUSPIPES,INE0JA001018
SGFIN,INE618R01015
GAEL,INE036B01030
KRN,INE0Q3J01015
HSCL,INE019C01026
TATVA,INE0GK401011
CEIGALL,INE0AG901020
ENGINERSIN,INE510A01028
MUFIN,INE08KJ01020
ACMESOLAR,INE622W01025
MAHABANK,INE457A01014
NYKAA,INE388Y01029
ASTRAMICRO,INE386C01029
PTCIL,INE596F01018
BSE,INE118H01025
PANAMAPET,INE305C01029
SAIL,INE114A01011
APLAPOLLO,INE702C01027
NEOGEN,INE136S01016
VOLTAMP,INE540H01012
LLOYDSME,INE281B01032
DATAPATTNS,INE0IX101010
GOODLUCK,INE127I01024
YATHARTH,INE0JO301016
UNIMECH,INE0U3I01011
CUB,INE491A01021
PRICOLLTD,INE726V01018
UJJIVANSFB,INE551W01018
CGCL,INE180C01042
VARROC,INE665L01035
LLOYDSENGG,INE093R01011
STARHEALTH,INE575P01011
ABCAPITAL,INE674K01013
CEMPRO,INE686A01026
NAZARA,INE418L01047
HINDALCO,INE038A01020
GRAPHITE,INE371A01025
THELEELA,INE0AQ201015
THYROCARE,INE594H01019
ABB,INE117A01022
NEULANDLAB,INE794A01010
WELENT,INE625G01013
GVT&D,INE200A01026
DEEPINDS,INE0FHS01024
SUPRIYA,INE07RO01027
BAJAJ-AUTO,INE917I01010
REDINGTON,INE891D01026
J&KBANK,INE168A01041
ROLEXRINGS,INE645S01024
GMMPFAUDLR,INE541A01023
VADILALIND,INE694D01016
MINDACORP,INE842C01021
SOLARINDS,INE343H01029
SHAREINDIA,INE932X01026
PAYTM,INE982J01020
WOCKPHARMA,INE049B01025
IIFL,INE530B01024
STAR,INE939A01011
BALRAMCHIN,INE119A01028
INDUSINDBK,INE095A01012
SHANTIGOLD,INE06ZD01017
PNBHOUSING,INE572E01012
ADANIPORTS,INE742F01042
NUVAMA,INE531F01023
NAM-INDIA,INE298J01013
PHOENIXLTD,INE211B01039
MSTCLTD,INE255X01014
ABDL,INE552Z01027
CARBORUNIV,INE120A01034
NATIONALUM,INE139A01034
ASTERDM,INE914M01019
VTL,INE825A01020
AIAENG,INE212H01026
MARICO,INE196A01026
RATEGAIN,INE0CLI01024
WABAG,INE956G01038
ASIANENE,INE276G01015
JINDALSAW,INE324A01032
JAMNAAUTO,INE039C01032
ASKAUTOLTD,INE491J01022
QUESS,INE615P01015
ZYDUSLIFE,INE010B01027
HEGAM,INE545A01024
CAPLIPOINT,INE475E01026
HINDZINC,INE267A01025
APOLLOHOSP,INE437A01024
USHAMART,INE228A01035
SCHNEIDER,INE839M01018
JGCHEM,INE0MB501011
CUMMINSIND,INE298A01020
MANORAMA,INE00VM01036
APOLLOPIPE,INE126J01016
LALPATHLAB,INE600L01024
FLUOROCHEM,INE09N301011
ADANIGREEN,INE364U01010
GNFC,INE113A01013
BOSCHLTD,INE323A01026
RKFORGE,INE399G01023
SANDHAR,INE278H01035
DHAMPURSUG,INE041A01016
AARTIIND,INE769A01020
SHYAMMETL,INE810G01011
SUNPHARMA,INE044A01036
ANGELONE,INE732I01021
TI,INE133E01013
TVSMOTOR,INE494B01023
EMIL,INE02YR01019
ELGIEQUIP,INE285A01027
NESTLEIND,INE239A01024
SHAILY,INE151G01028
ABSLAMC,INE404A01024
SCI,INE109A01011
SAMBHV,INE12NJ01018
EQUITASBNK,INE063P01018
OFSS,INE881D01027
JSWSTEEL,INE019A01038
AEGISVOPAK,INE0INX01018
BEPL,INE922A01025
MAHSEAMLES,INE271B01025
AGARWALEYE,INE943P01029
VIYASH,INE807F01027
ADANIENT,INE423A01024
IIFLCAPS,INE489L01022
SIEMENS,INE003A01024
SUNDRMFAST,INE387A01021
EDELWEISS,INE532F01054
IKS,INE115Q01022
GRASIM,INE047A01021
M&MFIN,INE774D01024
METROPOLIS,INE112L01020
VINCOFE,INE498Q01014
JAYNECOIND,INE854B01010
UNIONBANK,INE692A01016
GLENMARK,INE935A01035
LTF,INE498L01015
OBEROIRLTY,INE093I01010
IDFCFIRSTB,INE092T01019
POLYCAB,INE455K01017
ASHOKLEY,INE208A01029
3MINDIA,INE470A01017
SANDUMA,INE149K01016
MRPL,INE103A01014
CGPOWER,INE067A01029
KPIL,INE220B01022
OIL,INE274J01014
UNITDSPR,INE854D01024
AXISBANK,INE238A01034
CCL,INE421D01022
PVRINOX,INE191H01014
SBIN,INE062A01020
SANGHVIMOV,INE989A01032
LLOYDSENT,INE080I01025
TRIVENI,INE256C01024
AVL,INE679V01027
KEI,INE878B01027
TIPSMUSIC,INE716B01029
JYOTICNC,INE980O01024
MOTILALOFS,INE338I01027
AXISCADES,INE555B01013
RATNAMANI,INE703B01027
INDIANB,INE562A01011
KIRLPNU,INE811A01038
MANAPPURAM,INE522D01027
KALYANKJIL,INE303R01014
GLAXO,INE159A01016
PREMEXPLN,INE863B01029
BANDHANBNK,INE545U01014
JSWINFRA,INE880J01026
ANURAS,INE930P01018
RBA,INE07T201019
ACE,INE731H01025
EPL,INE255A01020
INDGN,INE065X01017
GABRIEL,INE524A01029
SOLARA,INE624Z01016
COALINDIA,INE522F01014
JSFB,INE953L01027
TATASTEEL,INE081A01020
EICHERMOT,INE066A01021
JINDALSTEL,INE749A01030
BANKINDIA,INE084A01016
PETRONET,INE347G01014
NORTHARC,INE850M01015
IMFA,INE919H01018
GMRAIRPORT,INE776C01039
TBOTEK,INE673O01025
CHOLAFIN,INE121A01024
LT,INE018A01030
MEDANTA,INE474Q01031
TIMKEN,INE325A01013
TRITURBINE,INE152M01016
BIOCON,INE376G01013
ZFCVINDIA,INE342J01019
SPLPETRO,INE663A01033
NH,INE410P01011
GREAVESCOT,INE224A01026
ASAHIINDIA,INE439A01020
KIMS,INE967H01025
MIDHANI,INE099Z01011
PPLPHARMA,INE0DK501011
ANANTRAJ,INE242C01024
ZENTEC,INE251B01027
FEDFINA,INE007N01010
AARTIPHARM,INE0LRU01027
INDUSTOWER,INE121J01017
AVANTIFEED,INE871C01038
JINDRILL,INE742C01031
PNB,INE160A01022
LUPIN,INE326A01037
JKPAPER,INE789E01012
ZYDUSWELL,INE768C01028
BLACKBUCK,INE0UIZ01018
NELCO,INE045B01015
YESBANK,INE528G01035
GPPL,INE517F01014
HEROMOTOCO,INE158A01026
IONEXCHANG,INE570A01022
SKIPPER,INE439E01022
RELIANCE,INE002A01018
SJVN,INE002L01015
ASTRAL,INE006I01046
INFY,INE009A01021
SWIGGY,INE00H001014
DALBHARAT,INE00R701025
LTTS,INE010V01017
ACC,INE012A01025
DABUR,INE016A01026
SBICARD,INE018E01016
VMM,INE01EA01019
RECLTD,INE020B01018
ASIANTILES,INE022I01019
IEX,INE022Q01020
RCF,INE027A01015
MAXHEALTH,INE027H01010
BANKBARODA,INE028A01039
RAYMONDLSL,INE02ID01020
FIRSTCRY,INE02RE01045
HINDUNILVR,INE030A01027
HUDCO,INE031A01017
HDFCBANK,INE040A01034
SUZLON,INE040H01021
ESCORTS,INE042A01014
KPITTECH,INE04I401011
IRFC,INE053F01010
ABREL,INE055A01016
FORTIS,INE061F01013
INOXWIND,INE066P01011
SHREECEM,INE070A01015
PRAJIND,INE074A01025
WIPRO,INE075A01022
VIKRAMSOLR,INE078V01014
AMBUJACEM,INE079A01024
CHAMBLFERT,INE085A01013
ELECTCAST,INE086A01029
RENUKA,INE087H01022
DRREDDY,INE089A01031
TATACHEM,INE092A01019
UTIAMC,INE094J01016
NBCC,INE095N01031
PREMIERENE,INE0BS701011
OSWALPUMPS,INE0BYP01024
RAILTEL,INE0DD101019
MSUMI,INE0FS801015
LATENTVIEW,INE0I7C01011
NTPCGREEN,INE0ONG01011
IGIL,INE0Q9301021
ATUL,INE100A01010
M&M,INE101A01026
AFCONS,INE101I01011
GODREJCP,INE102D01028
LICHSGFIN,INE115A01026
SBILIFE,INE123W01016
EIDPARRY,INE126A01031
ACI,INE128X01021
GMDCLTD,INE131A01031
PFC,INE134E01011
KFINTECH,INE138Y01010
SAMMAANCAP,INE148I01020
DELHIVERY,INE148O01028
THERMAX,INE152A01029
BLS,INE153T01027
ITC,INE154A01025
TMPV,INE155A01022
COROMANDEL,INE169A01031
BDL,INE171Z01026
BATAINDIA,INE176A01028
HAVELLS,INE176B01034
GPIL,INE177H01039
PGHH,INE179A01014
MFSL,INE180A01020
PFIZER,INE182A01018
TATACONSUM,INE192A01025
GRMOVER,INE192H01020
DMART,INE192R01011
SUPREMEIND,INE195A01028
PNCINFRA,INE195J01029
IREDA,INE202E01016
IGL,INE203G01027
JWL,INE209L01016
ONGC,INE213A01029
LTM,INE214T01019
BRITANNIA,INE216A01030
SHARDACROP,INE221J01015
VOLTAS,INE226A01021
IOC,INE242A01010
TATAPOWER,INE245A01021
MAZDOCK,INE249Z01020
ZEEL,INE256A01028
COLPAL,INE259A01022
GODFRYPHLP,INE260B01028
BEL,INE263A01024
CAMPUS,INE278Y01022
TECHNOE,INE285K01026
WAAREERTL,INE299N01021
CROMPTON,INE299U01018
INTELLECT,INE306R01017
GILLETTE,INE322A01010
RAMCOCEM,INE331A01037
IRCTC,INE335Y01020
BHARTIHEXA,INE343G01021
JPPOWER,INE351F01018
ABBOTINDIA,INE358A01014
WAAREEENER,INE377N01017
GRSE,INE382Z01011
SARDAEN,INE385C01021
KEC,INE389H01022
SYNGENE,INE398R01022
RTNPOWER,INE399K01017
ERIS,INE406M01024
MUTHOOTFIN,INE414G01012
RVNL,INE415G01027
HAPPSTMNDS,INE419U01012
APOLLOTYRE,INE438A01022
FORCEMOT,INE451A01017
TRANSRAILL,INE454P01035
TCS,INE467B01029
LINDEINDIA,INE473A01011
CANBK,INE476A01022
CANFINHOME,INE477A01020
GICRE,INE481Y01014
CEATLTD,INE482A01020
CENTRALBK,INE483A01010
CESC,INE486A01021
MOIL,INE490G01020
ZENSARTECH,INE520A01027
CIEINDIA,INE536H01010
KPIGREEN,INE542W01025
EMAMILTD,INE548C01032
JKTYRE,INE573A01042
NMDC,INE584A01023
MARUTI,INE585B01010
NLCINDIA,INE589A01014
PIIND,INE603J01030
RALLIS,INE613A01020
RPOWER,INE614G01033
PATANJALI,INE619A01035
UPL,INE628A01036
KNRCON,INE634I01029
ABFRL,INE647O01011
SUNDARMFIN,INE660A01013
SWANCORP,INE665A01038
JYOTHYLAB,INE668F01031
TATAELXSI,INE670A01012
CSBBANK,INE679A01013
UBL,INE686F01025
UCOBANK,INE691A01018
COCHINSHIP,INE704P01025
JSWCEMENT,INE718I01012
ICRA,INE725G01011
ICICIPRULI,INE726G01019
NTPC,INE733E01010
FIEMIND,INE737H01014
POWERGRID,INE752E01010
JIOFIN,INE758E01017
ICICIGI,INE765G01017
SIRCA,INE792Z01011
HDFCLIFE,INE795G01014
TORNTPOWER,INE813H01021
IRB,INE821I01022
JKCEMENT,INE823G01014
BSOFT,INE836A01035
GUJENERGY,INE844O01030
GANECOS,INE845D01014
NHPC,INE848E01016
HCLTECH,INE860A01027
NCC,INE868B01028
PTC,INE877F01012
MRF,INE883A01011
SIGNATURE,INE903U01023
SHAKTIPUMP,INE908D01010
CMSINFO,INE925R01014
JBMA,INE927D01051
INDIAMART,INE933S01016
V2RETAIL,INE945H01021
VGUARD,INE951I01027
IRCON,INE962Y01021
TIINDIA,INE974X01010
KSB,INE999A01023
SAREGAMA,INE979A01025
TEGA,INE011K01018
BAJFINANCE,INE296A01032
TECHM,INE669C01036
ANTHEM,INE0CZ201020
ATGL,INE399L01023
ETERNAL,INE758T01015
JSL,INE220G01021
KPRMILL,INE930H01031
CASTROLIND,INE172A01027
TATATECH,INE142M01025
FIVESTAR,INE128S01021
TATACOMM,INE151A01013
MOTISONS,INE0FRK01020
CCAVENUE,INE483S01020
PIDILITIND,INE318A01026
COFORGE,INE591G01025
SCHAEFFLER,INE513A01022
JUBLPHARMA,INE700A01033
DEEPAKFERT,INE501A01019
KAJARIACER,INE217B01036
FUSION,INE139R01012
HAL,INE066F01020
INOXGREEN,INE510W01014
IDBI,INE008A01015
GAIL,INE129A01019
RELIGARE,INE621H01010
HBLENGINE,INE292B01021
LODHA,INE670K01029
PNGJL,INE953R01016
NSLNISP,INE0NNS01018
PCJEWELLER,INE785M01021
ASIANPAINT,INE021A01026
PARADEEP,INE088F01024
KOTAKBANK,INE237A01036
JUBLINGREA,INE0BY001018
ENRIN,INE1NPP01017
EXIDEIND,INE302A01020
BEML,INE258A01024
KIRIINDUS,INE415I01015
RAINBOW,INE961O01016
URBANCO,INE0CAZ01013
ENDURANCE,INE913H01037
CHOICEIN,INE102B01014
CREDITACC,INE741K01010
PGEL,INE457L01029
SFL,INE916U01025
BPCL,INE029A01011
PERSISTENT,INE262H01021
KRBL,INE001B01026
ALKEM,INE540L01014
POCL,INE063E01061
JSWENERGY,INE121E01018
CRISIL,INE007A01025
NIACL,INE470Y01017
GODREJIND,INE233A01035
PRESTIGE,INE811K01011
MANKIND,INE634S01028
NAUKRI,INE663F01032
VBL,INE200M01039
POONAWALLA,INE511C01022
PCBL,INE602A01031
UNOMINDA,INE405E01023
ALKYLAMINE,INE150B01039
LTFOODS,INE818H01020
AVANTEL,INE005B01027
PARAGMILK,INE883N01014
HONAUT,INE671A01010
GRAVITA,INE024L01027
TATAINVEST,INE672A01026
GENUSPOWER,INE955D01029
SENCO,INE602W01027
BAJAJHIND,INE306A01021
ONESOURCE,INE013P01021
360ONE,INE466L01038
TEXRAIL,INE621L01012
SAGILITY,INE0W2G01015
AMBER,INE371P01015
TITAGARH,INE615H01020
LICI,INE0J1Y01017
ECLERX,INE738I01010
SUNTV,INE424H01027
HOMEFIRST,INE481N01025
CYIENT,INE136B01020
BLUEJET,INE0KBH01020
APLLTD,INE901L01018
CONCORDBIO,INE338H01029
REFEX,INE056I01025
PICCADIL,INE546C01010
SUDARSCHEM,INE659A01023
BHARTIARTL,INE397D01024
BALKRISIND,INE787D01026
ICICIBANK,INE090A01021
INDIGO,INE646L01027
KIRLOSBROS,INE732A01036
LXCHEM,INE576O01020
BORORENEW,INE666D01022
HINDPETRO,INE094A01015
POLYMED,INE205C01021
RHIM,INE743M01012
MANINFRA,INE949H01023
ELECON,INE205B01031
MOSCHIP,INE935B01025
DEEPAKNTR,INE288B01029
BRIGADE,INE791I01019
BALUFORGE,INE011E01029
DLF,INE271C01023
SRF,INE647A01010
CAMS,INE596I01020
PROTEAN,INE004A01022
POWERMECH,INE211R01019
ULTRACEMCO,INE481G01011
BERGEPAINT,INE463A01038
BECTORFOOD,INE495P01020
EIEL,INE0LLY01014
GODREJPROP,INE484J01027
JUSTDIAL,INE599M01018
VIMTALABS,INE579C01029
CIPLA,INE059A01026
CDSL,INE736A01011
BLUESTARCO,INE472A01039
PAGEIND,INE761H01022
BAJAJFINSV,INE918I01026
TIMETECHNO,INE508G01029
FSL,INE684F01012
ELLEN,INE236E01022
TANLA,INE483C01032
DIXON,INE935N01020
NAVA,INE725A01030
SUMICHEM,INE258G01013
TRENT,INE849A01020
HDFCAMC,INE127D01025
DEVYANI,INE872J01023
MOBIKWIK,INE0HLU01028
OLECTRA,INE260D01016
HERITGFOOD,INE978A01027
SONATSOFTW,INE269A01021
BAJAJHLDNG,INE118A01012
AADHARHFC,INE883F01010
JUBLFOOD,INE797F01020
CONCOR,INE111A01025
INDHOTEL,INE053A01029
SAPPHIRE,INE806T01020
JMFINANCIL,INE780C01023
AAVAS,INE216P01012
MGL,INE002S01010
MANYAVAR,INE825V01034
WHIRLPOOL,INE716A01013
HDBFS,INE756I01012
NUVOCO,INE118D01016
SAMHI,INE08U801020
AFFLE,INE00WC01027
ARE&M,INE885A01032
CHOLAHLDNG,INE149A01033
SOBHA,INE671H01015
SWSOLAR,INE00M201021
MPHASIS,INE356A01018
APTUS,INE852O01025
HYUNDAI,INE0V6F01027
MASTEK,INE759A01021
NEWGEN,INE619B01017
HEXT,INE093A01041
GSFC,INE026A01025
COHANCE,INE03QK01018
MAPMYINDIA,INE0BV301023
CLEAN,INE227W01023
AWL,INE699H01024
ITCHOTELS,INE379A01028
BAJAJHFL,INE377Y01014
LEMONTREE,INE970X01018
TEJASNET,INE010J01012
STYLEBAAZA,INE01FR01028
MARINE,INE01JE01028
AEROFLEX,INE024001021
GOLDIAM,INE025B01025
IFCI,INE039A01010
FCL,INE045J01034
BALAMINES,INE050E01027
EMBDL,INE069I01010
ZAGGLE,INE07K301024
MOREPENLAB,INE083A01026
THANGAMAYL,INE085J01014
ATALREAL,INE0ALR01029
KMEW,INE0CJD01029
ARIS,INE0H9P01028
IXIGO,INE0HV901016
JSLL,INE0J5801029
YATRA,INE0JR601024
AVALON,INE0LCL01028
QUADFUTURE,INE0LRY01011
OLAELEC,INE0LXG01040
NETWEB,INE0NT901020
ROSSTECH,INE0OJW01016
QPOWER,INE0SII01026
63MOONS,INE111B01023
IBULLSLTD,INE126M01010
EBGNG,INE18JU01028
RAYMONDREL,INE1SY401010
KERNEX,INE202H01019
RICOAUTO,INE209B01025
SPARC,INE232I01014
RAMCOSYS,INE246B01019
JINDWORLD,INE247D01039
UNIVCABLES,INE279A01012
CARTRADE,INE290S01011
GRWRHITECH,INE291A01017
SMLMAH,INE294B01019
NACLIND,INE295D01020
BLUESTONE,INE304W01038
ASHAPURMIN,INE348A01023
IDEAFORGE,INE349Y01013
OPTIEMUS,INE350C01017
PFOCUS,INE367G01038
PRECWIRE,INE372C01037
SBCL,INE386D01027
JTLIND,INE391J01032
POLICYBZR,INE417T01026
TDPOWERSYS,INE419M01035
ICIL,INE483B01026
SUVEN,INE495B01038
DREDGECORP,INE506A01018
CUPID,INE509F01029
HINDCOPPER,INE531E01026
HCC,INE549A01026
CONFIPET,INE552D01024
DYCL,INE600Y01019
YASHO,INE616Z01012
VINDHYATEL,INE707A01012
WALCHANNAG,INE711A01022
APOLLO,INE713T01028
KENNAMET,INE717A01029
GENESYS,INE727B01026
SAKAR,INE732S01012
TARIL,INE763I01026
EXICOM,INE777F01014
OMAXE,INE800H01010
ANTELOPUS,INE818A01017
RAIN,INE855B01025
WEBELSOLAR,INE855C01023
GVPIL,INE878A01011
GOKEX,INE887G01027
KABRAEXTRU,INE900B01029
RPEL,INE912T01018
INDSWFTLAB,INE915B01019
KAYNES,INE918Z01012
AGIIL,INE976R01033
MANINDS,INE993A01026
